,journalist,trader,politician,total
aapl,0,1,0,1
aaronw,0,1,0,1
abarth,1,0,0,1
abc,1,0,0,1
abedin,1,0,0,1
aber,1,0,0,1
abis,0,1,0,1
able,0,1,1,2
about,10,2,5,17
absolutely,1,0,0,1
acad,0,0,1,1
academic,0,0,1,1
academics,0,0,1,1
academies,1,0,0,1
acavalliernyc,1,0,0,1
accept,0,0,1,1
access,0,1,0,1
accomplished,1,0,0,1
according,0,0,1,1
account,0,3,1,4
aceros,0,1,0,1
acknowledges,0,1,0,1
acle,1,0,0,1
acoustic,0,0,1,1
acre,1,0,0,1
acredite,1,0,0,1
across,1,0,1,2
act,2,0,1,3
acted,1,0,0,1
action,1,1,0,2
active,0,1,0,1
activity,1,0,0,1
actor,1,0,0,1
actually,1,0,0,1
ad,0,1,0,1
adam,1,0,0,1
adambielan,1,0,0,1
adaptingsmite,1,0,0,1
aday,0,1,0,1
added,1,1,0,2
addition,2,0,0,2
additional,0,1,0,1
address,0,0,1,1
adicloud,0,1,0,1
adl,0,0,1,1
admin,0,0,1,1
admired,0,0,1,1
admit,0,0,1,1
adna,1,0,0,1
adoptive,1,0,0,1
advance,1,0,0,1
advice,1,0,0,1
advising,0,0,1,1
aeropuerto,0,1,0,1
afcvlcfc,1,0,0,1
afford,0,0,1,1
african,2,0,1,3
after,3,1,0,4
again,4,2,0,6
against,2,1,0,3
age,1,0,0,1
ago,1,1,0,2
agony,1,0,0,1
agr,0,0,1,1
agua,0,1,0,1
ahahha,0,0,1,1
ahead,2,1,0,3
ai,0,1,0,1
aimed,1,0,0,1
ain,1,0,0,1
air,1,0,1,2
aircrew,0,1,0,1
akai,0,1,0,1
aktif,0,1,0,1
al,1,1,0,2
alam,1,0,0,1
alarming,1,0,0,1
alaynaaa,1,0,0,1
albania,1,0,0,1
ale,1,0,0,1
alectranews,0,1,0,1
alert,1,0,0,1
alex,0,0,2,2
alexis,1,0,0,1
alfred,1,0,0,1
algo,0,1,0,1
ali,0,0,1,1
alison,0,0,1,1
all,4,2,3,9
allegation,1,0,0,1
allergy,0,1,0,1
allibito,0,1,0,1
alljustforus,1,0,0,1
almost,0,0,2,2
alone,1,0,0,1
alongside,0,1,0,1
already,0,0,1,1
alright,1,0,0,1
also,1,1,0,2
alstertaler,0,0,1,1
alternative,0,2,0,2
although,1,0,0,1
altijd,1,1,0,2
alumn,1,0,0,1
always,1,0,3,4
am,4,0,1,5
amazing,2,0,1,3
ambassadors,1,0,0,1
amen,1,0,0,1
amendments,1,0,0,1
american,1,0,0,1
amermilnews,0,0,1,1
amie,0,1,0,1
amnesia,0,1,0,1
amuratsuchi,0,0,1,1
an,10,3,4,17
ana,0,2,0,2
analisa,0,1,0,1
analysis,0,2,0,2
anchor,0,0,1,1
and,36,29,36,101
anderson,1,0,0,1
andhra,0,0,1,1
andrea,1,0,0,1
ani,2,1,0,3
annan,0,0,1,1
anniversary,0,0,1,1
announce,1,0,0,1
announced,2,0,0,2
announcement,1,0,0,1
anonymous,0,1,0,1
another,1,1,0,2
answer,0,1,0,1
anthonyhorowitz,1,0,0,1
any,2,1,0,3
anybody,0,1,0,1
anymeeting,0,1,0,1
anything,1,1,0,2
apology,1,0,0,1
app,0,1,0,1
appear,0,0,1,1
approach,0,0,1,1
appropriate,1,0,0,1
approved,0,0,1,1
approving,1,0,0,1
april,0,1,0,1
aqu,0,2,0,2
ar,2,0,0,2
arabia,0,1,0,1
arden,0,0,1,1
are,15,4,13,32
area,1,1,0,2
argument,1,0,0,1
arigato,0,0,1,1
armed,1,0,0,1
arms,0,1,0,1
armstrong,0,0,1,1
army,0,0,1,1
around,1,0,1,2
arrivatheshires,1,0,0,1
arrives,1,0,0,1
arsenal,1,0,0,1
article,1,1,1,3
artigo,1,0,0,1
artisanroasters,1,0,0,1
artists,0,0,1,1
as,8,8,2,18
ash,0,0,1,1
asif,1,0,0,1
asked,1,0,1,2
aspects,0,1,0,1
aspenfiredept,1,0,0,1
ass,0,1,0,1
assault,1,0,0,1
assigned,1,0,0,1
assistant,0,1,0,1
association,1,0,0,1
asthma,0,1,0,1
astley,1,0,0,1
at,9,14,10,33
athena,1,0,0,1
athletes,1,0,0,1
athletics,1,0,0,1
atmosphere,1,0,0,1
att,1,0,0,1
attack,1,0,0,1
attend,0,1,0,1
attendi,0,0,1,1
attention,1,0,0,1
attivit,1,0,0,1
auch,2,0,0,2
auf,2,1,1,4
aufgrund,1,0,0,1
auge,1,0,0,1
augmented,0,0,1,1
augustus,1,1,0,2
auspol,1,0,0,1
australia,0,0,1,1
aut,0,1,0,1
autistic,0,0,1,1
autographed,1,0,0,1
automatically,1,0,2,3
autoridades,1,0,0,1
autumn,1,0,0,1
available,1,0,1,2
average,1,0,0,1
averaging,0,1,0,1
avoid,1,0,0,1
award,1,0,0,1
aware,1,0,0,1
away,1,0,1,2
awesomepennystocks,0,1,0,1
axp,0,1,0,1
aylesbury,0,1,0,1
ayurvedajandcreme,1,0,0,1
azul,0,1,0,1
babies,0,0,1,1
baby,1,0,0,1
back,2,0,2,4
backing,0,0,1,1
baco,1,0,0,1
bad,1,1,0,2
bahia,1,0,0,1
bains,0,0,1,1
baird,1,0,0,1
bajam,1,0,0,1
balkanu,0,1,0,1
ball,0,0,1,1
banbridge,0,0,1,1
banderuola,0,1,0,1
bandwagon,0,1,0,1
banged,1,0,0,1
barnejek,0,1,0,1
barnier,0,0,1,1
basaltfire,1,0,0,1
based,0,0,1,1
battleground,0,1,0,1
bbcnews,1,0,0,1
bbcworld,1,0,0,1
bbh,0,1,0,1
bcerquera,0,1,0,1
bcexudoblues,1,0,0,1
be,12,7,8,27
bearing,1,0,0,1
bearish,0,1,0,1
bears,0,1,0,1
beat,0,1,0,1
beautifu,0,0,1,1
because,0,0,1,1
become,1,1,2,4
becoz,1,0,0,1
been,3,3,2,8
beets,0,1,0,1
before,1,0,0,1
begin,1,0,0,1
beginning,1,0,0,1
being,1,0,1,2
believe,1,0,0,1
below,1,1,0,2
bemvindofred,1,0,0,1
ben,0,0,1,1
bench,1,0,0,1
benoni,0,1,0,1
beogra,0,1,0,1
ber,1,0,0,1
bereit,0,0,1,1
berggren,1,0,0,1
berharap,0,1,0,1
best,2,0,1,3
bestbuy,0,1,0,1
bestimmten,1,0,0,1
bet,0,1,0,1
better,1,1,3,5
between,1,0,2,3
beyonc,1,0,0,1
beyond,1,0,0,1
bezirksversammlungswahl,0,0,1,1
bhumipednekar,1,0,0,1
bi,0,0,1,1
bias,0,1,0,1
biases,0,1,0,1
bicycle,1,0,0,1
bid,0,1,0,1
bielan,1,0,0,1
big,1,1,1,3
bigamy,1,0,0,1
bigboss,0,1,0,1
bikerzfinest,0,1,0,1
biliyorum,1,0,0,1
bill,0,0,1,1
billion,0,0,1,1
billionaire,0,1,0,1
billions,0,1,0,1
bingdevils,1,0,0,1
binge,1,0,0,1
birthday,1,0,0,1
bitcoin,0,1,0,1
bitter,0,1,0,1
bizarre,1,0,0,1
bjorn,0,1,0,1
bjornnyland,0,1,0,1
black,0,1,0,1
blackmanftball,1,0,0,1
blanco,0,1,0,1
bless,1,0,0,1
blind,2,0,0,2
bloemfontein,0,1,0,1
blog,2,0,0,2
bloglovin,1,0,0,1
blue,1,0,0,1
bmcdcareers,0,1,0,1
bmi,1,0,0,1
bmw,1,0,0,1
bnf,0,1,0,1
board,2,0,0,2
body,1,0,0,1
boh,0,1,0,1
bolster,0,0,1,1
bom,0,1,0,1
book,3,0,1,4
bootleg,1,0,0,1
borders,0,0,1,1
borges,1,0,0,1
born,0,0,1,1
boro,0,1,0,1
boseman,1,0,0,1
both,1,1,0,2
bother,0,1,0,1
bothered,0,0,1,1
bottom,2,0,0,2
bought,0,1,0,1
bound,1,0,0,1
bourdain,0,1,0,1
box,1,0,0,1
boxervijender,1,0,0,1
br,0,1,0,1
brains,0,0,1,1
brand,1,0,0,1
brandonlewis,1,0,0,1
brasil,1,0,0,1
braulio,0,1,0,1
break,0,1,0,1
breaking,3,0,0,3
breaks,0,1,0,1
breast,0,1,0,1
breathes,0,1,0,1
breathtaking,1,0,0,1
brendanoharasnp,0,0,1,1
brexit,0,1,2,3
bridge,0,0,1,1
bridgestonegolf,0,0,1,1
bright,1,0,0,1
brilli,0,0,1,1
brilliant,1,0,0,1
bring,1,0,0,1
brisbane,1,0,0,1
bristol,1,0,0,1
broadcast,0,1,0,1
brock,1,0,0,1
brother,2,0,0,2
browns,0,1,0,1
brutally,1,0,0,1
brylee,1,0,0,1
buch,1,0,0,1
buchvorstellung,0,1,0,1
bucks,1,0,0,1
buddy,1,0,0,1
buena,0,1,0,1
buenos,0,1,0,1
buffet,0,1,0,1
buffett,0,1,0,1
built,1,0,0,1
bulky,0,1,0,1
bundesinnenministerium,0,1,0,1
burdened,1,0,0,1
burgershopworcs,0,0,1,1
bus,1,0,0,1
business,3,2,1,6
busman,1,0,0,1
busnss,1,0,0,1
but,3,8,4,15
button,1,0,0,1
buy,0,3,0,3
buzzerr,0,1,0,1
by,9,7,6,22
byethost,1,0,0,1
ca,0,0,1,1
cad,0,1,0,1
californian,1,0,0,1
californiasurfingday,0,0,1,1
called,1,1,0,2
calling,0,1,0,1
calls,0,0,1,1
cambiar,0,1,0,1
campaign,0,1,1,2
campus,0,1,0,1
can,6,1,7,14
cancer,0,1,0,1
cannot,0,1,1,2
cant,1,0,1,2
capuchintv,1,0,0,1
cara,0,1,0,1
cards,0,0,1,1
care,1,0,0,1
careful,1,0,0,1
cargoes,1,0,0,1
carolina,0,1,0,1
cars,1,0,0,1
cases,1,0,0,1
casey,0,1,0,1
castofficial,0,0,1,1
cat,0,1,0,1
catches,1,0,0,1
caught,0,1,0,1
cause,0,1,0,1
cavalier,0,0,1,1
cbcearlyedition,0,0,1,1
cbcstephenquinn,0,0,1,1
cbf,1,0,0,1
ccc,0,1,0,1
celebrate,0,0,1,1
celebrating,0,1,0,1
celebration,1,0,0,1
cemeteries,1,0,0,1
cent,1,0,0,1
center,0,1,0,1
certai,0,0,2,2
certainly,0,0,1,1
chadwick,1,0,0,1
chain,1,0,0,1
challenge,0,0,1,1
chamado,1,0,0,1
champion,0,1,0,1
change,0,1,0,1
channel,0,1,0,1
characters,1,0,0,1
charge,1,0,0,1
charged,1,0,0,1
charity,1,0,0,1
charles,1,0,0,1
charleston,0,1,0,1
charlierenderos,0,1,0,1
charter,1,0,0,1
chas,1,0,1,2
chaser,1,0,0,1
chat,1,1,0,2
chatting,0,0,1,1
che,0,1,0,1
check,3,2,2,7
checked,1,0,2,3
cheer,1,0,0,1
chelsea,1,0,0,1
chetna,1,0,0,1
chief,2,1,1,4
child,0,0,1,1
children,0,0,2,2
china,1,0,0,1
chlich,1,0,0,1
chloe,1,0,0,1
chloefrancis,1,0,0,1
choice,0,0,1,1
christ,2,0,1,3
christine,1,0,0,1
churchill,0,0,1,1
citigroup,0,1,0,1
citizen,1,0,0,1
citizenship,0,0,1,1
citizentvkenya,1,0,0,1
city,2,0,1,3
ckin,0,0,1,1
ckte,1,0,0,1
clarins,1,0,0,1
clarity,1,0,0,1
clean,1,0,0,1
clearly,0,0,2,2
clicks,1,0,0,1
clientes,0,1,0,1
cliff,0,1,0,1
clip,1,0,0,1
clivages,1,0,0,1
cllr,0,0,1,1
close,0,0,1,1
closed,0,2,0,2
closes,1,0,0,1
closing,0,2,0,2
clothe,0,0,1,1
clothing,0,1,0,1
clouds,0,0,1,1
club,1,0,0,1
co,1,0,1,2
coach,0,1,0,1
coal,0,0,1,1
coastal,0,1,1,2
code,1,1,0,2
coffee,1,0,0,1
coisas,1,0,0,1
cold,0,1,0,1
cole,0,0,1,1
colleague,0,0,1,1
colleen,1,0,0,1
coloniahigh,1,0,0,1
colony,0,0,1,1
color,0,1,0,1
colores,0,1,0,1
colors,2,0,0,2
colour,1,0,1,2
columnist,1,0,0,1
com,1,1,0,2
come,2,1,0,3
comentei,1,0,0,1
comes,0,0,1,1
comey,1,0,0,1
coming,1,1,2,4
commenc,0,1,0,1
comment,1,0,1,2
comments,1,0,0,1
commercial,0,1,0,1
commission,0,0,1,1
commissionun,0,0,1,1
common,1,0,0,1
commonapp,1,0,0,1
communities,0,0,1,1
community,0,2,0,2
como,1,1,0,2
comoda,0,1,0,1
compared,0,0,1,1
compassion,1,0,0,1
competitividad,0,1,0,1
completely,1,0,0,1
computer,0,1,0,1
comunicaci,0,1,0,1
conceive,0,0,1,1
conditioned,1,0,0,1
conference,1,0,2,3
congratulate,0,0,1,1
congratulation,1,0,0,1
congratulations,1,0,3,4
congress,0,0,2,2
conigli,1,0,0,1
consent,1,0,0,1
conservancy,1,0,0,1
conservateur,1,0,0,1
conservation,1,0,1,2
conservative,0,0,1,1
conservatives,0,0,1,1
consistently,0,0,1,1
consortium,0,1,0,1
constantly,1,0,0,1
constitutional,0,0,1,1
contagio,1,0,0,1
containing,0,1,0,1
contenders,0,0,1,1
content,1,0,0,1
contest,0,0,1,1
contin,1,0,0,1
continue,1,0,0,1
continued,0,1,0,1
continues,0,0,1,1
contract,0,1,0,1
controls,0,1,0,1
conversation,1,0,0,1
convey,1,0,0,1
cookbook,0,1,0,1
cool,1,0,1,2
cooper,1,0,1,2
copper,0,1,0,1
copy,1,0,0,1
corbyn,1,0,2,3
corlia,1,0,0,1
corner,1,0,0,1
corrosi,0,1,0,1
cosplayer,1,0,0,1
cost,0,1,1,2
could,0,1,3,4
council,0,0,1,1
councils,0,0,1,1
counters,0,0,1,1
counting,1,0,0,1
country,1,0,2,3
county,2,0,0,2
courtesy,0,1,0,1
cover,1,0,0,1
coverage,0,1,0,1
covering,0,1,0,1
covers,1,0,0,1
crab,0,0,1,1
crawley,0,0,1,1
crazy,2,1,0,3
create,1,0,0,1
created,0,0,1,1
credit,0,1,1,2
crewe,0,0,1,1
crise,1,0,0,1
crisis,0,0,2,2
critic,1,0,0,1
critical,0,0,1,1
crivale,1,0,0,1
crocs,1,0,0,1
cross,1,0,0,1
crosscountryuk,0,1,0,1
crowded,1,0,0,1
croydonad,1,0,0,1
cruises,1,0,0,1
crv,1,0,0,1
crystalnis,1,0,0,1
ctdt,0,1,0,1
cum,0,0,1,1
current,1,0,2,3
cut,0,1,0,1
cutest,1,0,0,1
cuts,0,0,1,1
cvg,1,0,0,1
cxciii,0,1,0,1
da,1,0,1,2
daily,1,1,1,3
dailyherald,1,0,0,1
dalam,0,1,0,1
damian,1,0,0,1
daniel,1,0,2,3
dapat,0,0,1,1
dar,1,0,0,1
darf,0,0,1,1
das,2,0,1,3
dashboard,0,1,0,1
dat,0,1,0,1
data,1,0,0,1
datenschutzbeauftragte,1,0,0,1
dates,1,0,0,1
daughter,1,0,1,2
davenewbart,1,0,0,1
davidlammy,0,0,1,1
day,5,8,2,15
days,0,2,1,3
daytrader,0,0,1,1
daze,0,1,0,1
dc,2,0,0,2
dcexaminer,0,1,0,1
de,6,6,3,15
deal,1,0,5,6
debit,1,0,0,1
deborahganues,0,1,0,1
debt,2,0,0,2
dec,0,1,0,1
decade,0,0,1,1
decemb,0,0,1,1
decentralised,0,1,0,1
decision,0,0,1,1
declared,1,0,0,1
dedicated,0,0,1,1
dedicating,0,0,1,1
deed,1,0,0,1
deeds,1,0,0,1
defekten,1,0,0,1
defence,0,0,1,1
defend,1,0,0,1
deficits,0,0,1,1
dei,1,0,0,1
del,1,1,0,2
delawareriver,0,0,1,1
delayed,1,0,0,1
delighted,0,0,2,2
demi,0,0,1,1
deming,1,0,0,1
demo,0,0,1,1
denn,0,0,1,1
dense,1,0,0,1
depois,1,0,0,1
der,2,0,0,2
des,1,0,0,1
desapega,1,0,0,1
descanso,0,1,0,1
describe,1,0,0,1
describes,1,0,0,1
desde,0,1,0,1
deserved,0,0,1,1
design,1,0,0,1
desk,0,1,0,1
desmond,1,0,0,1
despite,1,0,0,1
destined,0,0,1,1
details,1,0,1,2
detention,0,1,0,1
deutsches,1,0,0,1
devcun,0,0,1,1
development,0,0,1,1
dey,0,2,0,2
dfpsports,1,0,0,1
dhoshah,0,0,1,1
di,1,0,0,1
diani,0,1,0,1
did,0,1,0,1
didn,0,1,0,1
die,5,0,2,7
difference,2,0,0,2
different,0,1,0,1
diffusion,0,1,0,1
dig,1,0,0,1
digitalmarketing,1,0,0,1
dimartinobooth,0,1,0,1
diminished,0,0,1,1
dingodell,0,1,0,1
dinner,0,1,0,1
diplomats,1,0,0,1
direct,1,1,1,3
dirsuption,1,0,0,1
disagree,1,0,0,1
discharged,1,0,0,1
discipline,0,1,0,1
discuss,0,0,1,1
discussed,0,1,0,1
dismissed,1,0,0,1
district,0,0,2,2
ditty,1,0,0,1
divisions,0,0,1,1
divorceadviser,2,0,0,2
dj,1,0,0,1
djwolf,0,1,0,1
dkb,0,0,1,1
dkshrewsbury,0,0,2,2
dnc,0,1,0,1
do,11,7,3,21
dobijaju,0,1,0,1
doctors,0,0,1,1
does,3,0,1,4
doesn,0,2,1,3
dog,1,0,0,1
doing,0,1,1,2
dollar,0,2,0,2
dollars,1,0,0,1
domandaperfetta,1,0,0,1
don,0,1,0,1
done,1,0,0,1
dont,1,0,0,1
donut,1,0,0,1
donuts,1,0,0,1
door,1,0,0,1
dopamine,0,0,1,1
dos,0,1,0,1
double,1,0,0,1
doubt,0,0,1,1
dove,0,1,0,1
down,2,1,2,5
download,1,1,0,2
doyer,1,0,0,1
dr,0,1,0,1
draft,1,0,0,1
draghi,0,1,0,1
drehl,1,0,0,1
drew,0,1,0,1
drink,1,0,0,1
drinking,1,0,0,1
drive,1,0,0,1
driving,1,0,0,1
droite,1,0,0,1
drove,1,1,0,2
drp,0,1,0,1
dsgvo,1,0,0,1
du,1,0,0,1
dubai,0,1,0,1
dude,0,1,0,1
due,1,1,0,2
duelo,0,1,0,1
dumb,0,1,0,1
dundee,1,0,0,1
dunkin,2,0,0,2
durban,1,0,0,1
during,1,0,1,2
duty,0,0,1,1
duurzame,0,0,1,1
dwight,0,0,1,1
dynasty,0,1,0,1
each,1,0,1,2
eagerly,1,0,0,1
eaglecountyso,1,0,0,1
early,1,1,0,2
earthquake,0,1,0,1
easement,1,0,0,1
eat,0,1,0,1
eaterie,1,0,0,1
ecb,0,1,0,1
economic,0,1,0,1
ecs,1,0,0,1
ecsleague,1,0,0,1
ecstacy,1,0,0,1
edemseshie,0,1,0,1
edwards,0,1,0,1
eens,1,1,0,2
eget,1,0,0,1
eh,0,0,1,1
eidmubark,0,0,1,1
ein,3,0,0,3
eine,0,0,2,2
einem,1,0,0,1
einer,1,0,0,1
eines,1,0,0,1
einzige,0,0,1,1
ekiti,1,0,1,2
el,1,6,0,7
elderlawnepa,1,0,0,1
elected,0,1,1,2
election,1,0,1,2
elections,1,0,1,2
electoral,0,0,1,1
electricity,0,1,0,1
eligible,0,0,1,1
ely,0,1,0,1
em,1,1,0,2
email,0,1,0,1
emails,1,0,0,1
emcee,0,0,1,1
emerge,0,0,1,1
emergency,1,0,0,1
emini,0,1,0,1
eminiplayer,0,0,1,1
emma,2,0,0,2
emplaw,1,0,0,1
en,3,9,0,12
enca,1,0,0,1
encourage,0,0,1,1
end,0,1,1,2
ended,0,1,0,1
enemy,1,0,0,1
energy,1,1,0,2
energymutodi,0,0,1,1
engaging,0,1,0,1
england,1,0,0,1
enjoy,0,0,1,1
enough,1,0,0,1
enriquegilat,1,0,0,1
enslaved,1,0,0,1
ensure,0,0,2,2
enter,1,0,0,1
entered,0,1,0,1
enterprise,1,0,0,1
enterprises,1,0,0,1
entrepreneurship,1,0,0,1
entry,0,1,0,1
entspannen,1,0,0,1
environments,1,0,0,1
epic,1,0,0,1
episode,1,1,1,3
episodes,0,1,0,1
er,1,0,0,1
eres,0,1,0,1
ericaparsons,1,0,0,1
eros,1,0,0,1
es,3,3,0,6
escort,1,0,0,1
escribes,1,0,0,1
escrit,0,1,0,1
escritas,1,0,0,1
eso,1,0,0,1
especially,0,0,3,3
esperado,0,1,0,1
essexwill,2,0,0,2
est,0,2,0,2
establishment,0,1,0,1
este,0,1,0,1
estimates,0,0,1,1
esultanza,1,0,0,1
et,1,0,0,1
etf,1,0,0,1
ethanugai,0,0,1,1
etv,0,1,0,1
etwas,1,0,0,1
eu,0,0,4,4
eur,0,1,0,1
eurgbp,0,1,0,1
europe,1,0,0,1
eurusd,0,3,0,3
eve,1,0,0,1
even,1,0,0,1
evening,0,0,1,1
event,0,0,2,2
ever,2,2,1,5
every,2,1,1,4
everybody,0,0,1,1
everyone,0,1,1,2
everything,2,0,1,3
eviction,0,0,2,2
excellence,1,0,0,1
excellenceaward,1,0,0,1
exchange,0,2,0,2
excited,0,1,0,1
exhibition,0,0,2,2
exited,0,1,0,1
expect,1,0,0,1
experience,0,0,1,1
explain,1,0,0,1
expliquer,1,0,0,1
extended,0,0,1,1
extra,1,0,0,1
extrema,0,1,0,1
eye,1,0,0,1
eyes,2,0,0,2
ezekiel,1,0,0,1
fab,1,0,0,1
face,1,1,0,2
facility,0,1,0,1
facts,1,0,0,1
fahaman,0,0,1,1
fahdhumayun,0,0,1,1
fail,0,0,1,1
fails,0,0,1,1
fain,1,0,0,1
fairly,1,1,0,2
fake,0,0,1,1
fallen,0,0,2,2
false,0,1,0,1
family,2,0,0,2
fan,0,1,0,1
fans,0,1,0,1
fantastic,1,2,1,4
far,0,0,1,1
fascina,0,1,0,1
fashion,1,0,0,1
fav,1,0,0,1
favorite,1,0,0,1
fb,0,2,0,2
fbi,1,0,0,1
fc,1,0,0,1
feast,1,0,0,1
featured,1,0,0,1
featuring,0,0,1,1
feb,0,1,0,1
federal,2,0,0,2
feelings,0,1,0,1
fell,1,0,0,1
feminism,0,0,1,1
feuerwehr,1,0,0,1
few,1,0,0,1
fewer,1,0,0,1
fews,0,1,0,1
feyazak,1,0,0,1
ff,0,1,0,1
ffs,0,0,1,1
fg,1,0,0,1
fiebre,1,0,0,1
fiestaca,1,0,0,1
fight,2,0,0,2
filled,1,1,0,2
film,1,1,0,2
filming,1,0,0,1
final,0,1,1,2
finally,1,0,1,2
finals,1,0,0,1
finance,0,3,0,3
find,1,2,0,3
fine,0,0,1,1
fingertips,1,0,0,1
finley,0,0,1,1
fire,3,0,1,4
first,3,1,4,8
fitforthekingdom,1,0,0,1
five,0,0,1,1
flag,2,0,0,2
flammendes,1,0,0,1
flan,0,1,0,1
flip,0,0,1,1
flooded,0,0,1,1
florence,1,0,0,1
floydmayweather,0,1,0,1
flying,0,1,0,1
fo,0,1,0,1
focus,2,0,0,2
follow,0,3,0,3
followed,1,1,1,3
followers,0,1,0,1
followfriday,0,1,0,1
following,1,0,0,1
font,1,0,0,1
food,2,0,0,2
foodie,1,0,0,1
football,3,0,0,3
for,25,19,24,68
forbes,0,1,0,1
forbesbillionaires,0,1,0,1
foreign,0,0,1,1
forest,1,0,0,1
forestschool,0,0,1,1
forever,1,0,0,1
forex,0,5,1,6
forgot,1,0,0,1
forma,0,1,0,1
former,1,0,0,1
forskerzonen,1,0,0,1
fortheloveofgood,0,1,0,1
fortnite,1,0,0,1
fortunechasi,0,0,1,1
forum,0,1,0,1
forward,0,0,1,1
forwards,1,0,0,1
fotos,0,1,0,1
found,0,1,0,1
founder,1,0,0,1
fra,0,1,0,1
francia,0,1,0,1
franciso,0,0,1,1
franklin,1,0,0,1
free,2,4,1,7
freiraum,1,0,0,1
french,1,1,0,2
frente,1,0,0,1
friend,1,2,1,4
fringe,0,0,1,1
from,13,6,5,24
front,2,1,1,4
frosedc,1,0,0,1
fslr,0,1,0,1
ftv,0,1,0,1
fuckoff,0,1,0,1
fuerte,0,1,0,1
fulani,1,0,0,1
full,2,0,0,2
fundraising,0,1,1,2
furnish,0,1,0,1
futebol,1,0,0,1
future,1,0,1,2
futures,0,2,0,2
fx,0,2,0,2
fxprimus,0,1,0,1
ga,0,1,0,1
gaan,0,0,1,1
gag,1,0,0,1
gaga,1,0,0,1
gain,0,2,1,3
gained,0,1,0,1
galeira,0,1,0,1
galicia,0,1,0,1
galway,0,0,1,1
game,1,2,0,3
gameofthrones,0,0,1,1
games,1,0,1,2
ganze,0,0,1,1
gap,2,0,0,2
garyatx,0,1,0,1
gas,1,1,0,2
gateway,0,0,1,1
gauche,1,0,0,1
gaur,1,0,0,1
gave,0,0,1,1
gbedawo,0,1,0,1
gbs,1,0,0,1
ge,0,0,1,1
geheime,0,1,0,1
gen,0,1,0,1
general,0,0,2,2
generator,0,1,0,1
genoeric,1,0,0,1
gente,0,2,0,2
gentlemen,2,0,0,2
george,1,1,0,2
georgepapa,0,0,1,1
german,1,0,1,2
gestuurde,0,0,1,1
get,2,5,5,12
gets,1,0,1,2
getting,1,0,0,1
gffhsdfyy,0,1,0,1
ghana,1,0,0,1
gibt,2,0,0,2
gig,1,0,0,1
gild,0,1,0,1
gill,1,0,0,1
girl,0,1,0,1
giuliadivita,0,1,0,1
giulianocossari,0,1,0,1
giulsulis,1,0,0,1
give,1,1,2,4
giveaway,1,0,0,1
given,1,0,1,2
gjort,1,0,0,1
glad,2,0,0,2
gli,0,1,0,1
globalcitizen,1,0,0,1
gmcuk,0,0,1,1
go,2,0,1,3
goal,1,0,0,1
goals,2,0,0,2
god,3,1,0,4
goes,0,1,0,1
going,0,1,0,1
goldpolitik,0,1,0,1
gols,1,0,0,1
gomodubi,0,0,1,1
gone,1,0,0,1
gonna,1,0,0,1
good,2,3,2,7
goodwill,1,0,0,1
gooooone,0,1,0,1
gop,1,2,0,3
got,0,2,0,2
gotta,0,0,1,1
gotten,1,0,0,1
gottfried,1,0,0,1
gov,0,0,1,1
govern,0,0,1,1
government,2,1,0,3
governments,0,0,1,1
gozaimashita,0,0,1,1
gr,1,0,0,1
grabble,2,0,0,2
gracecampbell,0,0,1,1
grains,0,1,0,1
grandchildren,0,0,1,1
grateful,0,0,1,1
grazie,1,0,0,1
great,3,6,4,13
greater,0,0,1,1
greatness,0,0,1,1
greece,0,1,0,1
greek,1,0,0,1
grid,0,1,0,1
grip,0,1,0,1
growing,0,1,1,2
gsa,1,0,0,1
gtoptions,0,0,1,1
guarantee,0,0,1,1
guide,0,1,0,1
guncontrol,0,1,0,1
gurmeetramrahim,1,0,0,1
guy,1,0,0,1
guys,0,0,2,2
hackedoffhugh,0,0,1,1
had,3,2,0,5
half,1,0,0,1
halls,0,0,1,1
hals,1,0,0,1
halten,1,0,0,1
ham,1,0,0,1
hammons,1,0,0,1
hand,1,0,0,1
hands,0,1,0,1
hang,1,0,0,1
happening,1,0,0,1
happy,2,1,1,4
har,1,0,0,1
harassment,1,0,0,1
hard,1,1,0,2
hargreaves,1,0,0,1
haruge,0,0,1,1
harvard,1,0,0,1
has,8,2,9,19
hashtag,0,0,1,1
hate,1,0,0,1
hausgemacht,1,0,0,1
have,13,5,8,26
having,1,2,0,3
hay,0,3,0,3
he,8,3,4,15
head,2,0,1,3
header,1,0,0,1
heading,1,0,0,1
health,0,0,1,1
healthcare,0,0,1,1
healthy,0,0,1,1
healthyliving,1,0,0,1
heard,0,0,1,1
hearing,1,0,0,1
heart,1,1,0,2
hedgehog,1,0,0,1
hedgehoglove,1,0,0,1
heidelberg,1,0,0,1
heller,2,0,0,2
help,0,2,4,6
helping,0,0,1,1
helt,1,0,0,1
henrik,1,0,0,1
her,4,1,0,5
here,2,1,2,5
heritage,0,0,1,1
hermosa,0,1,0,1
hero,1,0,1,2
hey,1,1,1,3
hfgfraud,1,0,0,1
hfgroupke,1,0,0,1
hft,0,1,0,1
hi,1,4,2,7
hicks,0,1,0,1
high,1,0,0,1
higher,0,1,0,1
highest,0,0,1,1
highs,1,0,0,1
him,0,1,0,1
hind,1,0,0,1
hires,1,0,0,1
his,5,0,4,9
history,0,0,1,1
hit,1,1,0,2
hj,0,1,0,1
hmmm,0,1,0,1
hodges,1,0,0,1
hofbe,1,0,0,1
holding,0,0,1,1
holiday,3,0,0,3
hollande,1,0,0,1
homeless,0,0,1,1
honda,1,0,0,1
honest,1,0,1,2
honestly,1,0,0,1
hontoni,0,0,1,1
hope,3,0,0,3
hopes,1,0,0,1
hora,0,1,0,1
horizons,0,0,1,1
hospital,2,0,0,2
hoss,0,1,0,1
hot,0,1,0,1
hours,0,1,0,1
house,0,1,0,1
households,0,0,1,1
how,6,6,6,18
hq,0,0,1,1
ht,0,0,1,1
htt,0,1,1,2
http,1,0,0,1
https,2,0,1,3
hub,1,0,0,1
huge,1,0,2,3
human,0,0,2,2
hunde,0,1,0,1
hundreds,0,0,1,1
hunting,0,1,0,1
hurling,1,0,0,1
hurt,0,0,1,1
hygeia,1,0,0,1
hypothetical,0,1,0,1
iamsandraoh,1,0,0,1
icon,0,1,0,1
icoserenity,0,1,0,1
icu,1,0,0,1
id,0,0,1,1
idawestregion,0,0,1,1
idea,2,1,0,3
ideas,0,2,0,2
if,3,4,6,13
ifollowback,0,1,0,1
iftar,1,0,0,1
ignores,1,0,0,1
ill,0,1,0,1
illinois,1,0,0,1
ilwaco,1,0,0,1
im,2,1,0,3
imag,1,0,0,1
imamade,0,0,1,1
imgur,0,1,0,1
imma,0,1,0,1
immigrant,0,1,0,1
impacting,0,0,1,1
importance,1,0,0,1
important,1,1,0,2
improving,1,0,0,1
impulsar,0,1,0,1
imrankhanpti,0,0,1,1
imut,0,1,0,1
in,39,21,32,92
inc,0,1,0,1
inches,0,0,1,1
incident,1,0,0,1
including,1,0,0,1
incomplete,1,0,0,1
increased,1,0,0,1
incredible,1,0,0,1
indeed,1,0,0,1
independent,1,1,0,2
india,1,0,0,1
indiana,1,0,0,1
indicator,0,1,0,1
individual,1,0,0,1
indulging,1,0,0,1
indy,0,0,1,1
ineedfollowers,0,1,0,1
influence,1,0,0,1
info,0,2,0,2
infographic,1,0,0,1
information,1,0,0,1
infront,1,0,0,1
inquiry,1,0,0,1
insan,1,0,0,1
insane,0,1,0,1
inside,0,1,0,1
instantfollowback,0,1,0,1
instructions,1,0,0,1
interbank,0,1,0,1
interesting,0,1,0,1
internationaldayoflistening,1,0,0,1
inthenameofourfather,1,0,0,1
inthikhaabee,0,0,1,1
into,2,1,3,6
intra,0,0,1,1
introductory,1,0,0,1
inverclyde,0,0,1,1
investigation,0,0,1,1
investigations,0,0,1,1
investment,0,1,0,1
investors,0,1,0,1
invite,0,1,0,1
inviting,0,0,1,1
io,0,1,0,1
iphone,0,0,1,1
ipjang,0,1,0,1
iran,0,1,0,1
irandeal,0,1,0,1
is,19,15,18,52
isen,1,0,0,1
isleofdogs,1,0,0,1
isn,0,0,1,1
isolation,0,0,1,1
israel,0,1,0,1
issue,1,0,0,1
issues,0,0,1,1
ist,2,0,1,3
it,13,11,9,33
itc,1,0,0,1
its,2,1,1,4
itself,1,0,0,1
itsenriquegil,1,0,0,1
itunes,0,2,0,2
itweettoom,0,1,0,1
iulan,0,0,1,1
iv,0,1,0,1
ja,2,0,0,2
jai,1,0,0,1
jail,1,0,0,1
jaja,1,0,0,1
jamaica,0,0,1,1
jameszahara,1,0,0,1
jamie,1,0,0,1
jammern,1,0,0,1
janetnguy,0,0,1,1
janis,1,0,0,1
january,1,0,0,1
jap,0,0,1,1
jarring,1,0,0,1
jasmin,1,0,0,1
jason,0,1,0,1
jatiumra,1,0,0,1
javedah,0,0,1,1
jed,0,0,1,1
jeffdye,0,1,0,1
jennybcampbell,0,0,1,1
jeremy,0,0,2,2
jericho,1,0,0,1
jersey,1,0,0,1
jessica,1,0,0,1
jetzt,1,0,0,1
jh,0,0,1,1
jmpdsafety,0,1,0,1
jndegz,1,0,0,1
job,2,0,0,2
jodiecomer,1,0,0,1
joey,1,0,0,1
john,1,0,1,2
johnjurg,0,1,0,1
johnson,0,0,1,1
johnstonesmart,1,0,0,1
join,2,1,1,4
joined,0,1,0,1
jomo,1,0,0,1
jonnybones,1,0,0,1
jonsnowc,1,0,0,1
jorge,1,0,0,1
journalism,2,0,0,2
journey,0,1,0,1
joynews,1,0,0,1
jubileeinske,1,0,0,1
judge,1,0,0,1
jul,0,1,0,1
julianalunguzi,0,0,1,1
june,1,0,0,1
jungoo,1,0,0,1
jupp,1,0,0,1
just,5,5,4,14
justice,1,0,2,3
justices,1,0,0,1
kaag,2,2,0,4
kajwbdindianaindd,1,0,0,1
kalo,0,1,0,1
kan,1,0,0,1
karanka,0,0,1,1
kawhi,1,0,0,1
kayliedenney,0,1,0,1
kbr,1,0,0,1
keep,0,1,1,2
keeps,2,0,0,2
keir,0,0,1,1
keith,1,0,0,1
kenal,0,1,0,1
kenyatta,1,0,0,1
kepa,2,0,0,2
kepentin,0,0,1,1
kericonsulting,0,1,0,1
kevnkinney,1,0,0,1
key,0,1,0,1
keyboard,1,0,0,1
khartsfiel,1,0,0,1
khnews,1,0,0,1
kickl,1,0,2,3
kid,1,0,0,1
kids,0,0,1,1
kill,1,0,0,1
killed,0,0,1,1
killing,1,0,0,1
kindertransport,0,0,1,1
kirk,1,0,0,1
kkikuoleman,1,0,0,1
know,3,1,2,6
known,2,0,0,2
kobe,0,1,0,1
kobra,1,0,0,1
kofi,0,0,1,1
kommet,1,0,0,1
korte,0,0,1,1
kritische,1,0,0,1
krugerar,1,0,0,1
ksc,1,0,0,1
kttunstall,1,0,0,1
kurandhen,0,0,1,1
kuya,1,0,0,1
kv,0,0,1,1
la,4,3,1,8
lab,0,0,1,1
labour,0,1,5,6
labourconference,0,0,1,1
ladies,1,0,0,1
lady,1,0,0,1
ladyslipper,0,1,0,1
lagos,1,0,0,1
lake,1,0,0,1
lama,0,1,0,1
laminine,0,0,1,1
landing,0,0,1,1
lange,1,0,1,2
laos,0,1,0,1
lapsi,1,0,0,1
largely,1,0,0,1
largest,1,0,0,1
las,0,1,0,1
last,4,0,2,6
later,0,1,0,1
laugh,0,1,0,1
laughing,1,0,1,2
lawyer,0,0,1,1
lawyers,0,0,1,1
lb,0,1,0,1
le,3,0,0,3
leaders,0,0,1,1
leadership,0,1,1,2
leading,0,1,0,1
learn,1,2,0,3
leasing,1,0,0,1
least,1,0,0,1
leave,0,0,2,2
leaves,0,1,1,2
leaving,1,0,0,1
lebanon,1,0,0,1
ledge,0,0,1,1
ledo,1,0,0,1
left,0,0,1,1
legacy,0,0,1,1
legambiente,1,0,0,1
legend,1,0,0,1
legendary,0,0,1,1
leggilo,1,0,0,1
legislation,0,0,1,1
leicester,1,1,0,2
length,1,0,0,1
leo,1,0,0,1
leonard,1,0,0,1
les,1,0,0,1
let,2,1,0,3
letter,1,0,1,2
letting,1,0,0,1
levam,1,0,0,1
lianthe,1,0,0,1
lids,0,0,1,1
life,0,1,0,1
like,5,5,3,13
liked,0,1,0,1
likely,0,0,1,1
lily,1,0,0,1
limit,0,2,0,2
linda,1,0,0,1
lindsayd,1,0,0,1
line,0,1,0,1
linking,0,0,1,1
linussh,1,0,0,1
lisis,1,0,0,1
list,2,0,0,2
listen,3,0,1,4
listening,1,0,0,1
listrik,0,1,0,1
literary,1,0,0,1
little,1,0,0,1
live,3,0,1,4
livejasmin,1,0,0,1
lives,1,1,0,2
livesex,1,0,0,1
living,0,1,0,1
ll,2,2,2,6
lltc,0,1,0,1
lmao,1,0,0,1
lng,2,0,0,2
lo,0,2,0,2
loan,1,0,0,1
lobby,0,2,0,2
local,3,1,2,6
locations,1,0,0,1
lol,1,1,1,3
london,0,1,2,3
long,2,4,2,8
longer,0,1,0,1
look,2,1,1,4
looked,2,0,0,2
looking,2,0,3,5
looks,2,1,0,3
looneys,0,1,0,1
looping,1,0,0,1
lord,1,0,0,1
lorenzo,0,1,0,1
los,1,0,0,1
loses,1,0,0,1
lost,0,1,0,1
lot,0,1,0,1
louisiana,0,0,1,1
love,8,3,2,13
loved,2,0,0,2
lovely,0,1,0,1
loves,1,0,0,1
lows,1,0,0,1
lpp,1,0,0,1
lsu,1,0,1,2
ltrtrpunk,1,0,0,1
lu,1,0,0,1
lucky,1,0,0,1
luis,1,0,0,1
lured,0,1,0,1
luxembourg,1,0,0,1
lvl,0,1,0,1
lynn,1,0,0,1
lyricists,0,0,1,1
ma,0,2,0,2
maa,0,1,0,1
mac,0,0,1,1
made,0,1,1,2
maestro,0,1,0,1
magnet,0,1,0,1
magpie,1,0,0,1
mahrez,1,0,0,1
main,0,0,1,1
mainstream,1,1,1,3
maintain,1,0,0,1
maj,1,0,0,1
major,0,0,1,1
make,3,1,0,4
makenna,1,0,0,1
makers,0,1,0,1
makes,3,1,0,4
making,1,1,1,3
male,1,0,0,1
man,1,0,0,1
manage,0,1,0,1
mangogroovesa,1,0,0,1
many,2,0,1,3
maple,0,0,1,1
marathon,1,0,0,1
march,0,0,1,1
marcheslep,1,0,0,1
marian,1,0,0,1
market,0,5,0,5
marketing,2,1,0,3
marketwatch,0,1,0,1
marshmellomusic,0,1,0,1
marta,1,0,0,1
mas,1,0,0,1
masanya,0,0,1,1
mask,1,0,0,1
matchups,1,0,0,1
matigary,0,0,1,1
matrix,0,0,1,1
matt,1,0,0,1
matters,0,1,0,1
matthew,1,0,0,1
may,0,4,3,7
mcleod,1,0,0,1
mdp,0,0,1,1
me,7,9,5,21
meaningful,0,0,1,1
means,1,0,1,2
meanwhile,0,0,1,1
measured,0,1,0,1
media,5,3,3,11
medical,1,0,0,1
medicaltechire,0,0,1,1
medium,1,0,0,1
meet,2,0,1,3
meeting,0,1,3,4
meganers,1,0,0,1
mejorar,0,1,0,1
mencari,0,0,1,1
mengira,0,0,1,1
menlynmaine,1,0,0,1
mente,0,1,0,1
merkel,0,0,1,1
mero,1,0,0,1
messed,1,0,0,1
metatrader,0,1,0,1
mg,1,0,0,1
mi,1,0,0,1
michael,1,0,0,1
michel,0,0,1,1
middlet,1,0,0,1
midseason,1,0,0,1
midterms,1,0,0,1
mile,1,0,0,1
milesformollie,0,0,1,1
military,0,0,1,1
miljoen,2,2,0,4
miller,0,0,1,1
million,2,0,1,3
minding,1,0,0,1
mine,0,0,1,1
mini,0,1,0,1
minister,0,0,1,1
ministers,0,0,1,1
misleading,0,1,0,1
mit,2,0,0,2
mittlerweile,1,0,0,1
mix,1,0,0,1
mlbcards,1,0,0,1
mma,1,0,0,1
mo,0,1,0,1
model,2,0,0,2
models,1,0,0,1
modlefroy,0,0,1,1
mohddabdullah,0,1,0,1
moment,1,0,1,2
monday,2,1,0,3
money,0,4,0,4
monitor,1,0,0,1
month,2,1,0,3
months,1,0,0,1
moonwalk,0,1,0,1
moral,1,0,0,1
more,5,2,4,11
morning,2,0,1,3
morse,1,0,0,1
most,1,3,1,5
motherfucker,1,0,0,1
motiva,0,1,0,1
mountains,0,1,1,2
mouth,0,1,0,1
move,0,2,0,2
movement,1,0,0,1
mp,1,0,1,2
mps,0,0,1,1
mpsaddison,0,0,1,1
mql,0,1,0,1
mrrawle,0,0,1,1
msredk,0,1,0,1
mua,1,0,0,1
much,5,1,3,9
mueller,0,0,1,1
mufc,1,0,0,1
muhamadkhurshid,0,0,1,1
muldoon,1,0,0,1
multicloud,1,0,0,1
mumbai,1,0,0,1
mundial,0,1,0,1
mundo,0,2,0,2
murder,1,0,1,2
murders,1,0,0,1
murray,1,0,0,1
murraymuzz,1,0,0,1
music,2,0,0,2
must,0,0,1,1
mutua,2,0,0,2
muy,1,1,0,2
my,7,12,8,27
myself,2,0,0,2
mytwitteranniversary,0,1,0,1
na,2,2,0,4
naar,1,1,0,2
nabrak,0,1,0,1
nachmittag,1,0,0,1
nachricht,0,1,0,1
nagpupuyat,1,0,0,1
naim,0,1,0,1
naka,0,0,1,1
name,2,0,0,2
nandos,0,1,0,1
nantwich,0,0,1,1
napavine,1,0,0,1
narbay,1,0,0,1
narendramodi,1,0,0,1
nasteinle,1,0,0,1
nasty,1,0,0,1
nataliebourne,1,0,0,1
nataliemcgarry,0,0,1,1
natheeja,0,0,1,1
nation,0,0,1,1
national,4,0,2,6
nato,1,0,0,1
nature,0,0,1,1
navarro,0,0,1,1
navy,0,1,0,1
nbc,0,1,0,1
nbcbetterlate,0,1,0,1
nbcsn,1,0,0,1
nbtmumbai,0,0,1,1
nctj,1,0,0,1
nd,1,1,0,2
ndash,1,0,0,1
ndige,1,0,0,1
ne,1,0,0,1
need,0,1,0,1
needs,0,2,1,3
negativity,0,1,0,1
neglected,1,0,0,1
negligently,0,0,1,1
negotiator,0,0,1,1
negro,0,1,0,1
neil,0,1,0,1
nervt,1,0,0,1
netnethunter,0,1,0,1
neues,1,0,0,1
nevada,1,0,0,1
never,2,1,1,4
new,5,5,4,14
newjersey,0,0,1,1
newly,0,1,1,2
news,3,1,2,6
newscentermaine,1,0,0,1
next,0,4,0,4
nextgov,1,0,0,1
nf,0,1,0,1
nffc,0,0,2,2
nfl,2,1,0,3
ng,1,0,0,1
ngatiaesq,1,0,0,1
nhs,0,0,1,1
ni,0,0,1,1
nice,1,1,1,3
nicht,0,0,2,2
nickkehoe,0,0,1,1
nicktneville,1,0,0,1
nicolemay,1,0,0,1
nie,1,0,0,1
ninaladyice,0,1,0,1
ninobath,0,1,0,1
niro,0,1,0,1
nitak,0,0,1,1
nj,1,0,0,1
njorogep,1,0,0,1
no,8,7,6,21
nobel,0,0,1,1
nomo,0,1,0,1
non,0,1,0,1
nonpart,0,0,1,1
noon,0,0,1,1
noooo,1,0,0,1
norcal,1,0,0,1
norfolk,1,0,0,1
northern,0,0,1,1
norwegian,0,1,0,1
nosactionnowar,1,0,0,1
nose,1,0,0,1
not,10,4,12,26
nothing,1,0,1,2
notice,0,0,1,1
noticiasfides,0,1,0,1
nov,0,0,1,1
novo,0,1,0,1
novooo,1,0,0,1
now,6,2,2,10
nper,1,0,0,1
nrc,1,0,0,1
ns,1,0,0,1
nsm,0,1,0,1
ntgodolphin,0,0,1,1
nu,2,0,1,3
nuevo,0,1,0,1
nugget,1,0,0,1
number,2,0,1,3
numbers,0,1,0,1
ny,0,1,0,1
nyc,1,1,1,3
nygiants,0,1,0,1
nyhedsbrev,1,0,0,1
nyse,0,1,0,1
nz,1,0,0,1
nzd,0,1,0,1
oakland,0,0,1,1
oaklandrcs,1,0,0,1
obama,0,0,1,1
obeng,1,0,0,1
objective,0,1,0,1
observing,0,0,1,1
obsesiona,0,1,0,1
obsession,0,1,0,1
obtaining,1,0,0,1
oder,1,0,0,1
odgovor,0,1,0,1
of,45,13,38,96
off,1,2,0,3
offence,1,0,0,1
offers,1,0,0,1
office,0,1,1,2
officer,1,0,1,2
officers,0,0,1,1
offices,0,1,0,1
officially,0,0,1,1
oficial,1,0,0,1
og,1,0,0,1
oh,0,0,1,1
ohspatsfootball,1,0,0,1
oil,2,1,0,3
ojudu,0,0,2,2
ok,0,1,0,1
old,1,0,0,1
oled,0,1,0,1
olgabagatini,1,0,0,1
olympics,0,1,0,1
om,1,0,0,1
omg,2,0,0,2
on,19,12,15,46
onalaska,1,0,0,1
once,2,0,0,2
one,8,0,3,11
onko,1,0,0,1
online,1,0,2,3
only,4,0,2,6
ontem,1,0,0,1
onthisday,0,0,1,1
onvo,0,1,0,1
oomphcoffee,0,0,1,1
open,1,1,3,5
opening,1,0,0,1
opens,1,0,0,1
opportunities,0,1,0,1
opposite,1,0,0,1
oppositio,1,0,0,1
optimistic,0,0,1,1
option,0,2,0,2
options,0,1,1,2
or,4,2,4,10
order,1,1,1,3
orders,1,1,0,2
organisatie,1,1,0,2
organisation,0,0,1,1
orkans,1,0,0,1
oru,1,0,0,1
other,2,0,2,4
others,1,0,0,1
ottawa,0,1,0,1
ouch,0,1,0,1
our,2,4,13,19
ourselves,1,0,0,1
out,11,10,7,28
outage,1,0,0,1
outages,1,0,0,1
outdated,1,0,0,1
outlook,0,1,0,1
ovation,0,0,1,1
over,2,3,2,7
overhaul,0,0,1,1
own,2,0,1,3
owned,1,0,0,1
oxford,1,0,0,1
ozmusiconline,1,0,0,1
pack,1,1,0,2
pages,0,1,0,1
paid,2,0,0,2
palabras,2,1,0,3
pamelaparesky,1,0,0,1
papa,0,1,0,1
papajoro,0,1,0,1
paper,1,0,0,1
para,3,2,0,5
parab,1,0,0,1
paramedics,0,0,1,1
parecidooo,1,0,0,1
parkbridgelife,0,0,1,1
parla,0,1,0,1
parliament,0,0,1,1
parole,0,0,1,1
parrot,1,0,0,1
parsons,1,0,0,1
part,0,1,2,3
partei,0,0,1,1
partial,0,1,0,1
participation,0,0,1,1
particularly,1,0,0,1
party,0,0,3,3
pasar,0,1,0,1
pass,1,0,1,2
passar,0,1,0,1
passed,0,0,2,2
passing,2,0,0,2
past,2,1,0,3
paste,1,0,0,1
pasti,0,1,0,1
patience,0,1,0,1
pdp,0,0,1,1
peace,0,0,2,2
peaceful,0,1,0,1
pedal,1,0,0,1
pedi,1,0,0,1
peer,0,1,0,1
penis,0,1,0,1
penn,0,0,1,1
penned,1,0,0,1
pennsylvania,0,0,1,1
pensando,0,1,0,1
pensar,0,1,0,1
pension,0,0,2,2
people,5,1,6,12
peoples,0,1,0,1
per,1,1,0,2
perdoa,1,0,0,1
perform,1,0,0,1
performance,1,1,0,2
perhaps,0,0,1,1
perot,0,1,0,1
perpetrators,1,0,0,1
persamaan,0,0,1,1
person,2,1,2,5
personally,0,1,0,1
pessoas,1,0,0,1
peteflores,0,0,1,1
petethered,0,0,1,1
phev,0,1,0,1
phone,0,1,0,1
photo,0,0,2,2
photocontest,0,1,0,1
photography,1,0,0,1
photogrid,1,0,0,1
piano,1,0,0,1
picked,0,1,0,1
picks,0,1,0,1
pihak,0,0,1,1
pinagpupuyatan,1,0,0,1
pink,0,0,1,1
pips,0,3,0,3
pit,0,0,1,1
pitkinsheriff,1,0,0,1
pizza,2,0,0,2
pizzeria,1,0,0,1
pl,1,0,0,1
plan,0,2,1,3
plans,0,0,1,1
plasma,0,1,0,1
play,0,1,0,1
player,1,0,0,1
playing,0,0,1,1
playlist,1,1,0,2
please,5,4,0,9
plenty,0,0,1,1
pls,0,1,1,2
plug,1,0,0,1
plus,1,0,0,1
pm,2,0,1,3
pmoindia,1,0,0,1
pnl,0,1,0,1
pod,1,0,0,1
poder,0,1,0,1
poetry,1,0,0,1
poinsetta,0,1,0,1
point,0,2,0,2
pointing,0,0,1,1
poised,0,1,0,1
police,1,0,4,5
policy,0,1,0,1
politi,0,0,1,1
political,1,0,0,1
politics,0,0,1,1
politik,0,0,1,1
politiker,1,0,0,1
polling,0,1,0,1
polls,2,0,0,2
pom,0,1,0,1
poor,0,1,3,4
porn,1,0,0,1
position,0,2,0,2
possible,1,0,0,1
post,2,0,0,2
posted,0,0,1,1
potential,2,0,1,3
potustownhall,1,0,0,1
power,0,2,2,4
powered,0,1,0,1
pr,1,1,0,2
pra,2,1,0,3
pradesh,0,0,1,1
praise,1,0,0,1
preferita,1,0,0,1
premiumtimesng,1,0,0,1
prenup,1,0,0,1
presente,0,1,0,1
president,0,1,0,1
presidential,0,0,1,1
presidentialelection,1,0,0,1
press,1,1,0,2
presse,1,0,0,1
pressestellen,1,0,0,1
presspass,1,0,0,1
pretend,0,0,1,1
pretty,2,0,0,2
prevailing,0,0,1,1
prevenir,1,0,0,1
price,0,1,0,1
priest,0,0,1,1
priests,0,0,1,1
primaries,0,0,1,1
primer,2,0,0,2
primetradefx,0,1,0,1
privileged,0,0,1,1
prize,1,0,1,2
pro,3,0,0,3
probably,0,1,0,1
problem,1,0,1,2
problems,1,0,0,1
producers,1,0,0,1
profile,0,1,0,1
profit,0,1,0,1
profite,1,0,0,1
profs,1,0,0,1
proftimnoakes,0,1,0,1
programme,1,0,0,1
progressiste,1,0,0,1
project,1,1,1,3
promo,1,0,0,1
promote,0,1,1,2
promoting,0,1,0,1
promotion,0,1,0,1
protect,0,0,1,1
protecting,0,0,1,1
proud,0,0,2,2
provides,0,0,1,1
provocar,0,1,0,1
proyecto,0,1,0,1
prune,0,1,0,1
prvi,0,1,0,1
ps,1,0,0,1
psychology,1,0,0,1
ptiofficial,0,0,1,1
public,0,0,3,3
publishers,0,1,0,1
puede,0,1,0,1
pull,1,1,0,2
puns,1,0,0,1
puppies,0,1,0,1
pups,0,0,1,1
purchases,1,0,0,1
put,2,1,1,4
putzzzzz,1,0,0,1
py,1,0,0,1
qual,1,0,0,1
que,3,5,0,8
quedan,1,0,0,1
qui,1,1,0,2
quite,0,0,1,1
qxhnz,0,1,0,1
rabiaanumm,1,0,0,1
race,2,0,0,2
races,0,0,1,1
racj,1,0,0,1
radar,0,1,0,1
radical,0,0,1,1
raees,0,0,1,1
rain,1,0,1,2
rainbow,0,1,0,1
rainier,1,0,0,1
raise,0,1,1,2
raised,1,0,0,1
raka,0,1,0,1
rakeshsharmabiopic,1,0,0,1
rally,1,0,0,1
rambobiggs,0,0,1,1
ramuo,0,1,0,1
rap,1,0,0,1
raptors,1,0,0,1
rate,0,1,0,1
rates,0,0,1,1
ratner,1,0,0,1
rauchmelders,1,0,0,1
re,2,1,2,5
reach,1,0,0,1
reacted,0,0,1,1
reaction,1,0,1,2
read,1,2,1,4
reading,0,0,1,1
real,0,1,2,3
realdonaldtrump,1,1,0,2
reality,0,0,3,3
realizando,1,0,0,1
realize,0,1,0,1
really,1,2,1,4
realtime,0,1,0,1
reanuda,0,1,0,1
reason,0,0,1,1
rebecca,1,0,0,1
recalled,0,0,1,1
receive,1,0,1,2
received,0,1,1,2
receiving,3,0,0,3
recently,0,1,1,2
reckons,1,0,0,1
recognition,0,1,0,1
recognize,1,0,0,1
recommitment,0,0,1,1
record,0,1,1,2
recording,1,0,0,1
recovers,1,0,0,1
recruit,0,0,1,1
red,0,0,1,1
reddit,0,1,0,1
redeem,0,1,0,1
redesig,0,0,1,1
reduziert,0,0,1,1
reflex,1,0,0,1
reformer,0,2,0,2
refugee,0,0,1,1
refugees,0,0,1,1
refuse,1,0,0,1
refusing,0,0,1,1
regarding,0,0,1,1
region,1,0,0,1
regional,0,1,0,1
register,2,0,1,3
registered,1,1,0,2
registro,1,0,0,1
regular,1,0,0,1
rehab,1,0,0,1
reimagine,0,0,1,1
rejoindre,0,1,0,1
release,1,0,0,1
releasing,1,0,0,1
remains,0,1,0,1
remember,0,1,1,2
remix,0,0,1,1
renata,0,0,1,1
renault,1,0,0,1
renewables,0,0,1,1
renovando,0,1,0,1
renu,0,1,0,1
reopens,0,1,0,1
rep,0,0,1,1
repeal,0,0,1,1
repeatedly,0,0,1,1
report,1,0,0,1
reportedly,2,0,0,2
reporters,1,0,0,1
reports,0,0,1,1
republicaning,0,0,1,1
republicans,1,0,0,1
requested,1,0,0,1
rescue,0,0,1,1
research,0,0,1,1
reservoirs,1,0,0,1
residence,0,0,1,1
resilient,0,1,0,1
resource,0,0,1,1
respected,1,0,0,1
responsible,1,0,0,1
rest,0,1,1,2
restaurant,0,1,0,1
restrict,1,0,0,1
results,1,0,1,2
retail,1,0,0,1
return,1,0,0,1
reutersuk,1,0,0,1
revo,0,1,0,1
ricain,1,0,0,1
richard,0,0,1,1
richardbrabi,1,0,0,1
rickmann,1,0,0,1
ride,0,1,0,1
ridiculed,1,0,0,1
right,1,1,2,4
rights,1,1,1,3
rihanna,1,1,0,2
rin,1,0,0,1
rio,0,1,0,1
rite,0,0,1,1
river,1,0,1,2
riveros,0,1,0,1
riyad,1,0,0,1
rnpnc,1,0,0,1
road,0,1,0,1
roadster,1,0,0,1
robbed,1,0,0,1
roboldfield,1,0,0,1
rock,3,0,0,3
rolandchief,0,1,0,1
role,2,0,0,2
rolled,0,1,0,1
rolls,1,0,0,1
ron,0,0,1,1
room,0,1,0,1
rooms,1,0,0,1
rose,1,0,0,1
rosebank,0,1,0,1
rossi,0,1,0,1
route,1,0,0,1
row,1,0,0,1
rowansheriff,1,0,0,1
rozsiane,0,0,1,1
rt,2,1,0,3
rtyi,1,0,0,1
rug,0,1,0,1
rugby,1,0,0,1
rules,0,0,1,1
ruling,0,0,1,1
run,2,2,0,4
running,0,1,1,2
runs,0,0,1,1
russe,1,0,0,1
rutgersu,1,0,0,1
rutte,2,2,0,4
sabc,0,1,0,1
sabias,0,1,0,1
sad,0,0,1,1
sadness,1,0,0,1
safe,0,1,0,1
said,0,1,0,1
saintswift,0,1,0,1
salam,0,1,0,1
salaries,1,0,0,1
sale,1,0,0,1
salinoso,0,1,0,1
salmankhan,0,2,0,2
salty,0,0,1,1
salute,1,0,0,1
same,1,1,0,2
san,0,0,1,1
sanchez,1,0,0,1
sanders,1,1,0,2
sandton,0,1,0,1
santee,0,0,1,1
sarkozy,1,0,0,1
sat,1,0,0,1
satisfaction,0,1,1,2
satisfy,0,1,0,1
satu,0,0,1,1
saudi,0,1,0,1
sauliloquy,0,0,1,1
save,0,1,0,1
savetianglistrik,0,1,0,1
saw,0,1,0,1
say,0,0,1,1
says,1,0,0,1
sc,0,0,2,2
scared,1,0,0,1
schedule,1,0,0,1
scholar,1,0,0,1
school,2,0,0,2
schoolmilkall,0,0,1,1
schools,1,0,2,3
schwer,1,0,0,1
schzug,1,0,0,1
scored,2,0,0,2
scotland,0,0,1,1
screen,1,0,0,1
script,1,0,0,1
scrollbar,0,1,0,1
scrutiny,1,0,0,1
sdh,0,1,0,1
sds,1,0,0,1
se,1,2,0,3
sealed,0,0,1,1
season,1,0,0,1
seat,0,0,1,1
seattleriot,0,1,0,1
second,1,0,1,2
secretary,0,0,1,1
secretworldlgds,1,0,0,1
sector,0,0,1,1
secure,1,0,1,2
security,2,0,0,2
see,1,3,4,8
seek,0,1,1,2
seeking,1,0,0,1
seem,0,1,0,1
seems,0,1,0,1
seen,0,0,1,1
sees,0,1,0,1
seg,0,1,0,1
segment,0,0,1,1
sehr,1,0,0,1
self,1,1,0,2
selfie,1,0,0,1
sell,0,1,0,1
selling,1,1,0,2
semana,0,1,0,1
semua,0,0,1,1
senate,0,0,1,1
senator,0,0,1,1
send,0,0,1,1
sengillibrand,0,0,1,1
sense,0,1,0,1
sent,0,1,0,1
sentechltd,0,1,0,1
sentence,0,0,1,1
ser,1,0,0,1
serenityfinancial,0,1,0,1
series,1,0,0,1
serve,0,0,1,1
service,3,0,0,3
services,0,1,3,4
servicio,0,1,0,1
serving,1,0,0,1
sesuai,0,1,0,1
set,0,0,1,1
sex,1,0,0,1
sexcams,1,0,0,1
sexchat,1,0,0,1
sexual,1,0,0,1
shahrukhkhan,1,0,0,1
shake,0,1,0,1
shakespeare,1,0,0,1
shaking,0,1,0,1
shall,1,0,0,1
shamed,1,0,0,1
shanghai,0,1,0,1
share,1,0,0,1
shares,1,0,0,1
she,1,1,5,7
shelter,1,0,0,1
sheng,0,0,2,2
shenzhen,0,1,0,1
shifting,0,0,1,1
shinuki,1,0,0,1
shit,0,1,0,1
shocking,1,0,0,1
shook,0,0,1,1
shooting,2,0,0,2
shop,1,0,0,1
short,0,2,0,2
should,2,1,0,3
show,0,2,1,3
showed,0,1,0,1
showing,0,0,1,1
shows,1,0,0,1
shropshire,1,0,0,1
shut,1,0,0,1
shuts,1,0,0,1
si,1,1,0,2
siab,0,0,1,1
sich,1,0,0,1
sick,1,0,0,1
side,0,0,1,1
siempre,0,1,0,1
sierra,1,0,0,1
sight,1,0,0,1
signals,1,1,0,2
signature,1,0,0,1
signed,0,0,1,1
signs,0,0,1,1
silence,0,1,0,1
simarjeet,0,0,1,1
simo,0,1,0,1
simple,1,0,0,1
simply,0,1,0,1
since,2,1,1,4
sind,1,0,1,2
singapura,0,1,0,1
singing,1,0,0,1
sir,0,1,1,2
sit,1,0,0,1
sits,0,0,1,1
sitting,1,0,1,2
six,1,0,0,1
sixty,0,0,1,1
skills,1,0,0,1
skopje,0,0,1,1
sky,0,1,1,2
sl,0,1,0,1
slam,1,0,0,1
slashing,0,0,1,1
slavery,0,0,1,1
slightly,0,1,0,1
slips,1,0,0,1
slou,0,1,0,1
sm,0,0,1,1
smallscale,0,0,1,1
smile,0,1,0,1
smith,0,1,0,1
smle,0,1,0,1
smoke,1,0,0,1
smtx,1,0,0,1
snesclassic,1,0,0,1
snow,1,0,0,1
snowden,0,1,0,1
so,9,2,7,18
sob,0,0,1,1
sobre,1,0,0,1
sochi,0,1,0,1
social,3,1,2,6
sociale,1,0,0,1
socute,1,0,0,1
sofras,1,0,0,1
soldi,0,1,0,1
solomonrcali,0,1,0,1
solutions,0,0,1,1
som,2,0,0,2
some,3,1,1,5
somehow,0,1,0,1
something,2,0,0,2
son,0,0,1,1
sonderberater,0,1,0,1
sono,0,1,0,1
soon,2,0,1,3
soros,0,1,0,1
sorry,0,1,2,3
sorted,0,0,1,1
sos,1,0,0,1
sought,0,0,1,1
sound,0,1,0,1
sounds,0,0,1,1
source,0,0,1,1
sources,0,1,1,2
southern,0,0,1,1
souver,1,0,0,1
sp,1,0,0,1
spe,0,0,1,1
speak,1,0,0,1
speaking,0,0,1,1
special,0,0,1,1
specialprogrammet,1,0,0,1
speech,0,0,1,1
spending,1,0,1,2
spiaggia,1,0,0,1
spider,0,1,0,1
spilling,0,0,1,1
spintoa,0,1,0,1
spittoon,0,0,1,1
spoke,0,0,1,1
spoken,1,0,0,1
sponsor,0,2,0,2
sportsman,0,1,0,1
spread,0,2,0,2
spring,1,0,0,1
springer,1,0,0,1
squad,1,0,0,1
sse,0,1,0,1
st,1,1,1,3
staff,1,0,1,2
stage,1,0,0,1
stalkers,1,0,0,1
stand,0,0,1,1
standing,0,0,1,1
stapleton,0,1,0,1
stardnienie,0,0,1,1
starledger,0,0,1,1
starmer,0,0,1,1
starring,1,0,0,1
start,0,2,0,2
starting,0,0,1,1
startitrs,0,1,0,1
state,1,0,3,4
station,0,1,1,2
status,0,1,0,1
stay,0,1,0,1
staying,1,0,0,1
stealbamonte,0,1,0,1
steel,0,1,0,1
steubenville,1,0,0,1
stick,1,0,0,1
still,6,2,1,9
stimmt,1,0,0,1
stipend,1,0,0,1
sto,1,0,0,1
stock,0,5,0,5
stocks,0,2,0,2
stocktraderstalk,0,1,0,1
stood,0,0,1,1
stop,0,1,1,2
store,0,1,0,1
stores,1,0,0,1
storm,1,0,0,1
story,3,0,2,5
strange,0,1,0,1
strike,0,0,1,1
strikes,0,1,0,1
string,1,0,0,1
sttk,0,1,0,1
studenic,1,0,0,1
student,1,1,1,3
students,1,0,0,1
studied,0,0,1,1
style,1,0,0,1
su,1,0,0,1
sua,1,0,0,1
subject,0,0,1,1
sublime,1,0,0,1
subwindow,0,1,0,1
successful,1,0,0,1
such,1,1,0,2
sucked,0,1,0,1
sucks,0,1,0,1
sudah,0,0,1,1
suefennimore,0,0,1,1
suelo,0,1,0,1
suffisent,1,0,0,1
sugar,0,1,0,1
suicidal,0,0,1,1
suicide,0,0,1,1
sukhpalkhaira,0,0,1,1
sulla,1,0,0,1
summer,1,0,1,2
sun,1,0,0,1
sunarena,1,0,0,1
sunset,1,0,0,1
supply,1,0,0,1
support,0,0,3,3
sur,0,1,0,1
sure,0,1,0,1
surrender,0,0,1,1
survey,0,1,1,2
survivors,1,0,0,1
sus,0,1,0,1
suspect,1,0,0,1
swift,1,0,0,1
swipe,0,0,1,1
switch,0,1,0,1
swl,1,0,0,1
swreporter,1,0,0,1
syd,1,0,0,1
system,0,1,0,1
szkoda,1,0,0,1
szmembers,0,1,0,1
szse,0,1,0,1
tadeuszczupryn,1,0,0,1
tages,1,0,0,1
tailfinger,1,0,0,1
take,2,1,2,5
takeaways,1,0,0,1
taking,1,1,0,2
taksista,0,1,0,1
talk,1,0,1,2
talking,1,0,0,1
talks,1,0,0,1
tallest,1,0,0,1
tambi,0,1,0,1
tanpa,0,0,1,1
tap,0,1,0,1
taps,0,1,0,1
tarde,0,1,0,1
tashlikh,0,0,1,1
taste,0,1,0,1
tats,1,0,0,1
tavern,1,0,0,1
tax,0,0,1,1
taxes,0,1,2,3
taxify,0,1,0,1
taylor,1,0,0,1
taylorswift,1,0,0,1
tbt,1,0,0,1
te,1,0,0,1
teacher,0,1,0,1
teachers,1,0,0,1
team,0,1,2,3
teamclicsargent,1,0,0,1
teamfit,0,0,1,1
technique,0,1,0,1
technologische,0,0,1,1
telcel,0,1,0,1
telephone,0,1,0,1
tell,0,1,0,1
tells,1,0,1,2
tendr,1,0,0,1
tengas,0,1,0,1
tengo,0,1,0,1
tenured,1,0,0,1
ter,1,0,0,1
term,0,1,0,1
termijn,0,0,2,2
terminal,1,0,0,1
terminals,1,0,0,1
terrific,1,0,0,1
tests,0,0,1,1
testt,0,1,0,1
texas,0,0,1,1
text,0,1,0,1
tgt,0,1,0,1
th,2,1,2,5
than,3,2,3,8
thank,3,0,1,4
thanks,4,5,3,12
thanksgiving,0,1,0,1
thao,0,0,1,1
that,20,6,15,41
the,91,48,62,201
thefirstwarden,0,1,0,1
theforumtheater,1,0,0,1
their,2,1,4,7
them,2,0,2,4
themahirakhan,1,0,0,1
themes,1,0,0,1
then,1,0,1,2
there,2,2,2,6
theresa,0,0,2,2
theresadvdsn,0,1,0,1
therewillbeblood,0,1,0,1
these,4,1,0,5
they,11,2,3,16
thibbevumah,0,0,1,1
thiesfeldt,0,0,1,1
thin,0,2,0,2
thing,0,1,0,1
things,3,0,0,3
think,3,1,3,7
thinks,1,0,0,1
this,16,7,16,39
thks,1,0,0,1
thornhill,0,1,0,1
those,0,3,2,5
thought,1,0,0,1
thoughts,0,0,2,2
thousands,0,0,1,1
through,3,0,0,3
throw,1,0,0,1
thugjitsu,0,1,0,1
tiang,0,1,0,1
tiba,0,0,1,1
tibbetts,0,0,1,1
ticks,0,1,0,1
tidal,0,0,1,1
tienen,0,1,0,1
tife,0,1,0,1
tiger,0,0,1,1
till,1,0,0,1
tilmelde,1,0,0,1
tim,1,0,0,1
time,2,0,5,7
timesquare,1,0,0,1
tired,1,0,0,1
titik,0,0,1,1
title,0,1,0,1
titta,1,0,0,1
to,61,35,58,154
today,6,2,9,17
together,0,0,1,1
told,0,0,1,1
toled,1,0,0,1
tollway,1,0,0,1
tomliddiard,0,0,1,1
tone,0,0,1,1
tonight,2,2,0,4
tons,0,0,1,1
too,1,0,1,2
tools,0,0,1,1
toomer,1,0,0,1
top,1,3,0,4
tories,0,0,1,1
toronto,1,0,0,1
tory,0,0,2,2
total,0,1,0,1
totally,0,1,0,1
touch,0,1,0,1
tough,0,0,2,2
tour,0,0,1,1
tourism,0,0,1,1
town,0,0,1,1
towncollingwood,0,0,1,1
tr,1,0,0,1
traceyjordantv,1,0,0,1
track,1,0,0,1
trad,0,1,0,1
trade,0,10,0,10
trading,1,8,1,10
tradingterms,0,1,0,1
traditions,1,0,0,1
trained,0,0,1,1
training,1,0,1,2
trains,1,0,0,1
traitor,0,1,0,1
transport,0,0,1,1
trap,0,1,0,1
tras,0,1,0,1
travel,1,0,0,1
travels,0,1,0,1
travismccloud,1,0,0,1
treatme,1,0,0,1
tree,1,0,0,1
tremendous,1,0,0,1
trends,0,1,0,1
tribal,1,0,0,1
tribute,0,0,1,1
tried,1,0,0,1
trillion,1,0,0,1
tristanjgarnett,1,0,0,1
trojans,1,0,0,1
troubles,0,1,0,1
trowbridge,1,0,0,1
truckers,1,0,0,1
true,1,0,1,2
trump,1,4,1,6
truth,0,0,1,1
trv,0,1,0,1
try,0,1,0,1
tsn,0,1,0,1
tsw,1,0,0,1
tu,0,1,0,1
tuesday,1,1,0,2
tune,1,0,0,1
tunnel,0,0,1,1
turn,1,0,0,1
turns,1,0,0,1
tv,1,1,0,2
tvdellosport,1,0,0,1
tweeps,0,1,0,1
tweet,0,1,1,2
twellow,0,1,0,1
twitter,1,2,0,3
two,1,0,1,2
tx,0,0,1,1
txhsfb,1,0,0,1
txst,1,0,0,1
tying,1,0,0,1
uberu,0,1,0,1
uc,0,0,1,1
ucr,1,0,0,1
ucreport,1,0,0,1
udelaware,1,0,0,1
ue,0,1,0,1
ufc,0,1,0,1
ughhhh,0,1,0,1
ui,0,1,0,1
uk,0,0,4,4
ukchange,1,0,0,1
ulrich,1,0,0,1
ultimate,1,0,0,1
um,1,0,0,1
umt,1,0,0,1
un,0,1,1,2
una,0,4,0,4
und,2,0,0,2
under,1,2,2,5
underneath,0,1,0,1
understand,0,1,0,1
understanding,0,0,1,1
undesignated,1,0,0,1
undivided,1,0,0,1
une,0,1,0,1
uneducated,0,1,0,1
unfollowed,0,0,2,2
unique,0,1,0,1
unison,1,0,0,1
unit,1,0,0,1
united,1,0,0,1
universal,0,0,1,1
university,0,1,0,1
unnegotiable,0,0,1,1
unser,0,0,1,1
until,0,2,0,2
up,1,7,1,9
update,2,2,0,4
upgraded,1,0,0,1
upperba,0,0,1,1
urlaub,1,0,0,1
uru,0,1,0,1
uruguay,0,1,0,1
us,4,3,2,9
usa,0,1,0,1
usd,0,4,0,4
usdjpy,0,0,1,1
use,1,3,0,4
used,0,1,0,1
usembassytokyo,0,0,1,1
users,0,1,0,1
usgsa,1,0,0,1
using,0,1,1,2
usnewseducation,1,0,0,1
usted,0,1,0,1
uvxy,0,2,0,2
va,0,1,1,2
vaaraa,1,0,0,1
vadaigen,0,0,1,1
vai,1,0,0,1
validity,0,0,1,1
valuabl,0,0,1,1
values,0,0,1,1
vandaag,1,1,0,2
vanguardngrnews,0,1,0,1
variabl,0,1,0,1
various,0,1,0,1
ve,2,3,2,7
veday,0,0,1,1
vegan,1,0,0,1
veja,0,1,0,1
venez,0,1,0,1
veo,1,0,0,1
vera,1,0,0,1
verbal,1,0,0,1
version,2,0,0,2
very,3,1,0,4
vets,0,0,1,1
via,5,5,3,13
victory,1,0,0,1
vicuniwgtn,0,0,1,1
vida,1,0,0,1
video,3,2,1,6
vieles,1,0,0,1
viewbug,0,1,0,1
village,0,0,1,1
violated,0,1,0,1
viral,0,1,0,1
virgin,1,0,0,1
visibility,1,0,0,1
visit,1,2,0,3
visiting,0,0,1,1
voc,1,0,0,1
voices,0,0,1,1
voldoening,0,0,1,1
volleyball,1,0,0,1
voltageek,0,1,0,1
vom,1,0,0,1
von,1,0,0,1
voo,0,0,1,1
voor,1,1,1,3
vostra,1,0,0,1
vostre,1,0,0,1
vote,3,1,2,6
voted,0,1,0,1
voters,0,0,3,3
votes,1,0,0,1
vp,1,0,0,1
vs,0,2,0,2
vulnerable,0,0,1,1
wag,0,0,1,1
wage,0,0,1,1
waiting,3,0,0,3
walang,1,0,0,1
walker,1,0,0,1
walt,0,1,0,1
wamagaisa,0,0,1,1
wandsbeker,0,0,1,1
wandsworth,0,0,1,1
wanna,0,1,0,1
want,0,1,0,1
wanted,1,0,0,1
wants,1,0,1,2
war,0,1,0,1
ward,1,0,0,1
warrant,1,0,0,1
warren,0,2,0,2
was,8,3,2,13
wash,0,1,0,1
washington,0,3,0,3
waste,1,0,1,2
watch,1,0,0,1
watching,0,1,0,1
water,1,0,0,1
way,1,0,0,1
we,12,8,14,34
web,1,1,0,2
webinars,0,1,0,1
website,1,0,0,1
wednesday,1,0,0,1
week,5,2,1,8
weekend,1,2,0,3
weekly,0,1,0,1
weeks,0,1,0,1
weisungen,1,0,0,1
welcome,0,1,1,2
well,5,0,1,6
wenig,1,0,0,1
werden,0,0,1,1
were,0,1,1,2
west,1,0,0,1
westminsternorth,0,0,1,1
whale,0,0,1,1
what,6,3,3,12
whats,1,0,0,1
when,5,4,6,15
where,0,0,2,2
which,1,1,1,3
while,1,1,1,3
whilst,1,0,0,1
who,5,0,7,12
whole,1,0,0,1
why,3,0,2,5
wide,1,0,0,1
will,13,6,7,26
willing,1,0,0,1
wilson,0,0,1,1
win,4,1,1,6
windrushgeneration,0,0,1,1
wing,0,0,1,1
winner,1,0,2,3
winston,0,0,1,1
wir,0,0,1,1
wird,0,1,0,1
wire,0,1,0,1
wise,1,0,0,1
wit,2,1,0,3
with,13,12,8,33
within,2,0,1,3
without,1,0,0,1
woman,1,0,1,2
women,1,0,2,3
won,0,2,2,4
wonder,1,0,0,1
wonderful,0,1,1,2
wont,0,1,0,1
wor,0,0,1,1
word,1,0,0,1
wordoftheday,0,1,0,1
words,1,0,0,1
work,1,1,4,6
worked,0,0,1,1
workers,1,0,0,1
working,2,1,0,3
works,1,0,0,1
world,1,0,0,1
worldschoolmilkday,0,0,1,1
worthy,0,0,1,1
would,1,1,2,4
wrath,1,0,0,1
wrestling,0,1,0,1
write,1,0,1,2
writes,1,0,0,1
wrong,0,0,1,1
wrote,1,0,0,1
wsj,0,1,0,1
wvlegis,0,0,1,1
wvworkers,0,0,1,1
ww,1,0,0,1
wybranowski,2,0,0,2
xmas,0,1,0,1
xxx,1,0,0,1
yard,1,0,0,1
yeah,1,0,0,1
year,2,0,4,6
years,3,0,2,5
yellow,0,1,0,1
yes,3,0,0,3
yesterday,1,0,0,1
yet,1,0,0,1
yoda,0,1,0,1
you,26,20,13,59
young,0,0,2,2
your,3,6,5,14
youth,0,0,1,1
youtube,3,3,0,6
zach,1,0,0,1
zakiya,1,0,0,1
zbcnewsonline,1,0,0,1
zegarobert,1,0,0,1
zero,1,0,0,1
zimbabwe,0,0,1,1
zombie,0,1,0,1
zoomed,0,0,2,2
zu,1,0,0,1
zulutrade,0,1,0,1
zuma,1,0,0,1
